{"count":1,"self":227.15827199999998,"total":691.2987435,"children":{"InitializeActuators":{"count":9,"self":0.0020169999999999997,"total":0.0020169999999999997,"children":null},"InitializeSensors":{"count":9,"self":0.0015295999999999999,"total":0.0015295999999999999,"children":null},"AgentSendState":{"count":424017,"self":0.5783556,"total":2.8403725,"children":{"CollectObservations":{"count":381618,"self":0.3701623,"total":0.3701623,"children":null},"WriteActionMask":{"count":381618,"self":0.069694999999999993,"total":0.069694999999999993,"children":null},"RequestDecision":{"count":381618,"self":0.44235379999999996,"total":1.8221596,"children":{"AgentInfo.ToProto":{"count":381618,"self":0.40355579999999996,"total":1.3798058,"children":{"GenerateSensorData":{"count":381618,"self":0.97625,"total":0.97625,"children":null}}}}}}},"DecideAction":{"count":424017,"self":454.574592,"total":454.5745811,"children":null},"AgentAct":{"count":424017,"self":6.3674403999999996,"total":6.7213268,"children":{"AgentInfo.ToProto":{"count":42915,"self":0.10764069999999999,"total":0.3538864,"children":{"GenerateSensorData":{"count":42915,"self":0.24624569999999998,"total":0.24624569999999998,"children":null}}}}}},"gauges":{"GameEnginAI.CumulativeReward":{"count":42915,"max":5.3,"min":0,"runningAverage":0.880968153,"value":1,"weightedAverage":0.92145133}},"metadata":{"timer_format_version":"0.1.0","start_time_seconds":"1738251457","unity_version":"2023.2.18f1","command_line_arguments":"C:\\Program Files\\Unity\\Hub\\Editor\\2023.2.18f1\\Editor\\Unity.exe -projectpath C:\\3年生\\GameEnginAI -useHub -hubIPC -cloudEnvironment production","communication_protocol_version":"1.5.0","com.unity.ml-agents_version":"3.0.0","scene_name":"AIScene","end_time_seconds":"1738252149"}}